Student_ID,Age,Gender,Marital_Status,Course_Chosen,Application_Mode,Residence_Location,Parental_Education,Parental_Income_Level,Employment_Status,Semester_Enrolled_Units,Semester_Credited_Units,Semester_Evaluated_Units,Semester_Approved_Units,Semester_Average_Grade,Retention,Unemployment_Rate,Inflation_Rate,Regional_GDP,Year,Attendance,Grade_Average,Study_Career,Residence_Type,Socioeconomic_Level
STUD_496,23,1,2,7,1,1,Master,65990.0,1,2,0,6,8,2.2,1,5,2.5,25000,2019,95.13079549,2.651185124,2,1,1
STUD_191,20,1,1,2,1,1,High School,65052.0,0,5,3,5,1,3.97,0,5,2.5,25000,2020,64.97534498,2.240699569,3,1,2
STUD_125,23,0,1,0,0,1,Bachelor,69334.0,2,6,4,6,0,2.61,0,5,2.5,25000,2019,81.19863315,2.467672581,0,0,1
STUD_304,21,1,0,0,1,1,Bachelor,36497.0,0,2,2,8,0,2.33,0,5,2.5,25000,2019,82.14729251,3.398224563,0,1,2
STUD_357,26,1,2,4,1,1,Bachelor,97292.0,0,4,0,0,4,3.71,0,5,2.5,25000,2018,90.28941556,3.508945177,2,1,1
STUD_29,20,1,0,0,0,0,Master,97291.0,2,8,1,7,7,0.41,0,5,2.5,25000,2021,70.86935463,3.439568931,0,0,1
STUD_63,22,1,3,2,1,2,Bachelor,21036.0,1,1,3,3,7,0.81,1,5,2.5,25000,2021,77.54123907,3.742517703,0,1,2
STUD_38,21,1,3,5,1,0,PhD,109683.0,0,8,4,0,4,0.8,1,5,2.5,25000,2021,72.15787795,2.065523403,0,1,1
STUD_178,18,0,3,0,2,0,Bachelor,46972.0,2,4,7,2,2,1.62,1,5,2.5,25000,2017,78.63131043,2.33571313,3,0,0
STUD_171,18,0,0,5,1,0,Bachelor,29227.0,0,2,1,4,1,3.99,1,5,2.5,25000,2017,68.3833464,2.600738541,2,0,2
STUD_90,30,1,1,3,0,1,High School,78262.0,2,1,5,3,1,1.11,1,5,2.5,25000,2019,88.7332099,3.228783775,1,1,2
STUD_150,25,0,3,4,1,1,PhD,75857.0,2,2,4,6,1,0.55,0,5,2.5,25000,2018,92.10789616,3.980914845,3,1,1
STUD_424,18,1,1,5,0,2,High School,58733.0,1,8,6,6,6,3.47,1,5,2.5,25000,2021,70.43938799,2.059958617,2,1,2
STUD_445,19,0,2,3,2,0,Bachelor,84466.0,2,4,4,4,5,3.7,0,5,2.5,25000,2017,78.69222182,2.479878398,1,0,1
STUD_358,23,0,1,3,1,0,Bachelor,49842.0,0,8,6,7,7,1.53,1,5,2.5,25000,2017,65.88523738,2.033500196,2,0,0
STUD_419,19,1,1,4,1,1,PhD,29428.0,0,3,8,4,6,2.64,0,5,2.5,25000,2019,80.35844181,2.253292321,1,1,2
STUD_246,21,0,0,0,0,0,PhD,65701.0,2,2,7,3,0,3.68,1,5,2.5,25000,2019,92.95772438,3.997521769,3,0,2
STUD_184,22,0,1,0,1,0,PhD,69017.0,2,5,2,6,1,0.46,0,5,2.5,25000,2017,70.51271031,2.716377247,1,1,2
STUD_64,28,0,3,3,1,0,Bachelor,79059.0,2,4,7,1,8,3.5,0,5,2.5,25000,2020,85.85487344,3.102392928,1,0,1
STUD_285,21,1,3,1,1,1,PhD,33094.0,1,5,4,0,4,1.79,1,5,2.5,25000,2019,66.08356717,2.924310739,2,0,1
STUD_397,29,0,1,5,1,2,Bachelor,84748.0,1,7,1,2,4,3.37,0,5,2.5,25000,2018,81.57597652,3.195764475,1,0,1
STUD_232,18,0,0,2,0,2,PhD,99133.0,2,1,5,7,3,0.58,1,5,2.5,25000,2017,70.18672443,2.823436481,0,0,1
STUD_214,29,0,1,1,2,2,Bachelor,105461.0,2,6,4,1,7,0.89,0,5,2.5,25000,2019,60.20253314,3.895770557,2,1,1
STUD_356,26,1,3,2,0,1,PhD,90214.0,0,1,7,2,2,2.95,0,5,2.5,25000,2020,60.68235394,2.056490081,3,0,1
STUD_444,23,0,3,0,1,2,High School,96188.0,2,4,4,1,8,2.57,1,5,2.5,25000,2020,79.70222872,2.0584927,1,1,2
STUD_272,30,0,2,2,1,0,PhD,31880.0,2,6,1,1,8,1.97,0,5,2.5,25000,2017,68.406049,3.736078902,3,1,0
STUD_50,30,0,1,2,0,2,PhD,26881.0,1,1,3,3,0,3.66,1,5,2.5,25000,2018,65.51301768,3.210865138,2,1,1
STUD_449,21,1,0,4,1,1,Bachelor,64096.0,0,7,4,4,0,1.17,0,5,2.5,25000,2019,94.56474057,2.627366746,2,0,0
STUD_377,23,0,2,7,0,2,Bachelor,36467.0,0,3,1,8,0,0.29,1,5,2.5,25000,2021,77.87211377,2.466915609,1,0,1
STUD_391,25,1,3,5,2,2,PhD,25190.0,0,6,1,4,1,2.23,0,5,2.5,25000,2020,75.01911442,2.691428501,3,0,0
STUD_491,24,0,1,4,1,1,Bachelor,93462.0,0,1,7,7,2,1.85,0,5,2.5,25000,2018,92.91328691,2.049349649,1,0,1
STUD_348,19,0,0,7,0,2,PhD,74582.0,2,2,3,2,8,2.24,0,5,2.5,25000,2020,97.84638323,2.869084665,1,1,1
STUD_405,18,1,0,5,1,2,PhD,24555.0,0,4,3,0,3,0.27,1,5,2.5,25000,2019,66.08296097,2.750254654,3,0,0
STUD_153,24,1,1,6,0,1,Bachelor,92461.0,2,3,0,5,8,2.13,0,5,2.5,25000,2020,67.7857292,2.863950931,1,1,0
STUD_333,18,0,0,5,1,2,High School,104816.0,1,4,4,8,7,2.45,0,5,2.5,25000,2021,96.11739977,3.943435185,2,0,0
STUD_369,28,0,2,5,2,1,Master,86268.0,0,7,8,7,1,2.98,1,5,2.5,25000,2021,68.33631531,3.297314259,2,0,2
STUD_193,25,0,2,6,1,0,High School,47237.0,0,1,0,0,2,1.21,0,5,2.5,25000,2018,95.76308298,3.683264527,0,1,0
STUD_500,25,1,2,6,2,2,PhD,65700.0,1,7,3,3,2,3.24,1,5,2.5,25000,2020,94.40975534,2.019928632,3,0,1
STUD_492,21,1,0,1,1,0,Bachelor,95609.0,1,5,3,4,6,2.08,0,5,2.5,25000,2019,92.57102497,3.48200816,3,0,0
STUD_332,18,1,2,6,0,0,PhD,41971.0,0,3,5,3,6,2.09,1,5,2.5,25000,2017,87.95234517,2.081460787,0,1,2
STUD_319,21,1,0,4,1,2,High School,110355.0,2,5,8,1,3,0.54,1,5,2.5,25000,2018,75.18235207,2.706510889,3,1,0
STUD_210,22,1,3,0,1,1,Master,71908.0,1,7,7,2,2,2.71,1,5,2.5,25000,2021,87.01150848,3.580588823,0,1,1
STUD_115,26,1,3,6,0,2,Bachelor,50362.0,0,5,1,4,8,2.24,0,5,2.5,25000,2020,73.33646085,3.121529047,3,1,2
STUD_294,25,0,0,2,0,1,Bachelor,54468.0,2,6,7,6,0,2.53,0,5,2.5,25000,2018,84.70745453,2.818701214,3,1,1
STUD_177,20,0,0,3,1,0,High School,43557.0,2,7,1,1,7,0.17,1,5,2.5,25000,2018,73.88213308,3.52023033,1,0,2
STUD_298,27,1,1,4,2,1,PhD,76694.0,1,6,6,7,2,2.9,0,5,2.5,25000,2020,99.83192253,2.041983057,1,0,2
STUD_182,28,1,1,6,0,2,Bachelor,93844.0,2,7,1,0,0,1.11,0,5,2.5,25000,2020,69.90394979,2.552266123,0,0,0
STUD_130,19,0,1,7,2,2,Master,83845.0,1,7,6,7,4,2.84,0,5,2.5,25000,2017,61.26560811,3.046419257,0,1,1
STUD_317,23,1,2,4,2,2,Bachelor,23125.0,0,5,0,6,5,2.76,0,5,2.5,25000,2019,86.44500129,2.654112366,0,1,1
STUD_394,28,0,3,0,1,0,Bachelor,72572.0,0,1,2,2,0,3.89,1,5,2.5,25000,2020,67.99053151,3.318526923,1,0,1
STUD_494,22,0,2,4,0,0,PhD,100790.0,1,5,2,6,8,3.01,1,5,2.5,25000,2019,75.66364901,2.731460421,0,1,2
STUD_401,23,0,3,4,2,2,Bachelor,85915.0,2,2,5,6,1,0.38,0,5,2.5,25000,2017,99.12164028,3.600495884,0,1,0
STUD_28,28,0,1,2,2,0,PhD,97703.0,1,2,5,3,0,1.74,0,5,2.5,25000,2019,84.44608906,2.675452036,0,0,0
STUD_79,20,0,0,3,2,2,High School,56862.0,2,6,4,1,7,0.33,0,5,2.5,25000,2017,60.35905545,3.407353249,1,1,1
STUD_85,18,1,1,2,1,0,Bachelor,118573.0,1,5,7,7,6,0.26,0,5,2.5,25000,2019,73.36153758,2.140177877,1,1,1
STUD_74,29,1,1,7,0,1,High School,71378.0,1,8,1,4,2,2.19,1,5,2.5,25000,2021,93.88415533,3.960920347,3,1,2
STUD_19,18,0,3,0,2,0,High School,36301.0,2,2,3,3,4,3.81,0,5,2.5,25000,2018,78.25840046,3.333788924,3,0,2
STUD_146,43,1,3,2,0,1,Bachelor,115221.0,1,1,2,1,4,2.83,1,5,2.5,25000,2017,84.28929643,2.088215187,3,1,0
STUD_385,42,1,2,7,2,1,PhD,65957.0,0,2,8,8,4,2.08,0,5,2.5,25000,2017,97.65720429,3.724636042,1,1,0
STUD_284,29,0,3,2,1,2,Bachelor,87347.0,1,1,0,8,2,3.84,1,5,2.5,25000,2019,87.03723275,3.208118363,3,0,2
STUD_220,28,0,0,6,1,0,PhD,97865.0,1,6,4,3,4,3.15,1,5,2.5,25000,2017,74.84765626,2.055733377,0,0,1
STUD_336,24,0,2,3,1,1,High School,53097.0,2,8,7,1,0,1.08,1,5,2.5,25000,2020,63.35548136,2.245681469,3,0,2
STUD_132,22,0,3,3,0,1,Bachelor,21665.0,0,3,4,6,7,3.53,1,5,2.5,25000,2021,79.89242093,2.1808699,2,1,1
STUD_498,23,0,0,2,0,1,Bachelor,58390.0,2,2,6,3,5,0.11,1,5,2.5,25000,2018,69.31052176,2.423464963,3,1,2
STUD_478,25,1,2,2,2,0,Bachelor,89992.0,2,5,8,1,2,0.36,1,5,2.5,25000,2017,73.44789309,2.445683231,2,0,0
STUD_201,20,1,1,5,1,0,Bachelor,79552.0,1,5,1,2,4,3.65,1,5,2.5,25000,2017,78.79712298,2.084215208,2,1,1
STUD_374,30,0,0,1,0,1,Bachelor,59405.0,1,4,0,1,2,0.45,1,5,2.5,25000,2019,81.97066712,3.705579004,2,1,1
STUD_469,27,1,2,7,1,0,Master,85166.0,1,8,7,8,2,0.68,0,5,2.5,25000,2021,76.35973719,3.385424364,1,1,2
STUD_471,20,1,0,2,2,0,Master,39235.0,2,1,0,3,0,5.535746626,1,5,2.5,25000,2017,96.92593683,3.888452119,0,1,0
STUD_277,26,1,2,7,1,0,Master,40445.0,1,6,5,6,1,2.31,1,5,2.5,25000,2018,66.3212912,3.839048716,2,0,2
STUD_454,23,0,1,2,0,2,Bachelor,76542.0,1,7,4,6,6,0.99,0,5,2.5,25000,2021,93.29054141,2.435897604,2,0,2
STUD_470,25,0,2,4,2,1,Bachelor,36456.0,1,8,6,7,3,2.84,1,5,2.5,25000,2019,61.588054,3.626406524,3,1,2
STUD_166,21,0,0,4,0,0,Bachelor,43206.0,0,1,0,0,6,5.014787145,1,5,2.5,25000,2017,81.95948242,2.805000005,2,0,0
STUD_162,30,0,0,4,2,1,Bachelor,32482.0,1,1,8,6,8,5.525703202,0,5,2.5,25000,2019,62.70559978,3.209205543,3,1,0
STUD_275,27,0,1,7,2,2,Master,48659.0,2,8,8,0,0,2.02,0,5,2.5,25000,2018,65.02726164,2.190727283,3,1,0
STUD_17,20,1,0,4,2,0,Master,119068.0,0,4,2,3,3,2.36,1,5,2.5,25000,2017,83.39242327,2.449300545,2,0,0
STUD_164,28,1,3,4,2,2,Bachelor,48756.0,1,5,8,3,4,1.43,1,5,2.5,25000,2019,95.61904771,3.369821791,0,0,0
STUD_364,21,1,2,5,0,1,PhD,75396.0,0,8,7,0,3,2.62,0,5,2.5,25000,2021,80.92656707,2.239410973,1,1,2
STUD_239,26,1,1,2,1,0,PhD,113630.0,2,7,7,2,8,1.56,0,5,2.5,25000,2021,77.17860759,2.580586323,0,1,0
STUD_339,22,0,2,2,2,2,Bachelor,38607.0,2,1,8,1,8,3.96,1,5,2.5,25000,2017,62.51365927,2.885947151,1,0,2
STUD_80,25,1,3,4,2,1,Bachelor,108634.0,2,5,6,0,5,0.85,0,5,2.5,25000,2019,98.52990186,2.786264142,0,0,0
STUD_306,30,0,0,4,2,2,Bachelor,103096.0,2,4,1,2,2,0.08,1,5,2.5,25000,2020,61.7132461,2.303525281,1,0,1
STUD_181,29,0,1,2,1,2,High School,113238.0,1,6,8,5,2,3.63,1,5,2.5,25000,2019,61.45674855,2.978760226,3,1,1
STUD_76,26,1,1,4,1,2,Bachelor,103131.0,0,1,6,6,1,3.29,0,5,2.5,25000,2018,89.20151486,2.869052121,2,1,1
STUD_437,23,0,0,5,0,1,Bachelor,38963.0,0,4,6,6,4,3.92,0,5,2.5,25000,2019,83.90968485,2.786476132,0,0,0
STUD_346,29,1,3,4,1,2,High School,25682.0,1,7,7,5,2,2.23,0,5,2.5,25000,2019,95.28718636,3.602691547,2,1,2
STUD_309,24,0,3,0,0,2,Bachelor,83694.0,0,5,8,4,6,2.34,1,5,2.5,25000,2019,73.41154517,2.527647055,2,1,0
STUD_110,25,1,2,6,0,1,Bachelor,91793.0,0,0,3,3,5,4.856597008,1,5,2.5,25000,2020,79.95661348,3.495063475,1,0,0
STUD_230,27,0,0,1,1,0,Master,45525.0,0,6,3,6,7,2.06,0,5,2.5,25000,2019,88.02406947,2.823233961,3,1,2
STUD_180,23,1,2,4,0,1,PhD,78655.0,0,1,0,7,0,2.72,0,5,2.5,25000,2019,61.56179615,3.132497971,1,0,2
STUD_400,30,0,2,4,1,1,Bachelor,48102.0,2,8,2,4,3,1.76,1,5,2.5,25000,2020,97.58153501,2.28720019,0,0,0
STUD_149,21,1,3,5,0,0,PhD,47267.0,0,4,1,7,5,1.6,1,5,2.5,25000,2017,68.51841548,3.514125954,2,0,2
STUD_307,27,1,3,1,1,2,Bachelor,38498.0,1,4,7,5,8,2.95,0,5,2.5,25000,2019,71.0933758,3.045906156,2,1,0
STUD_155,28,1,2,3,2,1,Bachelor,69143.0,0,1,6,5,7,1.37,1,5,2.5,25000,2017,80.23623314,2.113786553,1,0,0
STUD_1,30,0,1,4,0,0,High School,179712.0,0,6,5,5,5,2.34,0,5,2.5,25000,2019,86.9347439,5.998934033,3,0,0
STUD_261,29,0,1,5,1,1,Master,67462.0,2,6,3,7,3,0.35,0,5,2.5,25000,2017,64.30653305,3.04466966,2,1,2
STUD_371,27,0,2,3,1,1,Bachelor,30815.0,2,6,2,7,6,1.18,1,5,2.5,25000,2019,92.00594158,3.572406613,3,0,0
STUD_466,27,1,0,5,1,2,High School,78722.0,0,2,5,5,1,2.68,0,5,2.5,25000,2020,79.18507375,2.157856566,2,1,0
STUD_215,23,0,0,4,2,0,Bachelor,85040.0,2,4,0,0,1,0.48,0,5,2.5,25000,2019,70.81697762,3.434139933,0,0,1
STUD_390,30,1,1,4,2,2,Bachelor,85952.0,1,7,2,0,7,3.15,0,5,2.5,25000,2019,87.89841574,3.272950559,1,1,0
STUD_21,23,1,1,6,2,0,High School,48970.0,0,7,1,7,8,1.68,0,5,2.5,25000,2017,94.61970511,3.95227585,2,1,0
STUD_39,28,0,3,3,2,1,Bachelor,65367.0,2,4,8,4,6,0.28,1,5,2.5,25000,2018,65.49318798,3.546612726,1,1,1
STUD_254,19,0,2,2,1,0,PhD,49102.0,1,7,3,1,4,0.4,0,5,2.5,25000,2018,98.79703113,3.098556921,0,1,2
STUD_329,20,0,2,1,1,2,Bachelor,115208.0,2,5,4,0,3,0.47,1,5,2.5,25000,2017,72.25391735,3.043457241,0,1,2
STUD_86,27,1,2,1,1,1,High School,95091.0,2,2,8,3,3,3.77,0,5,2.5,25000,2018,99.55625114,3.971208124,0,1,1
STUD_34,25,0,2,3,2,0,Bachelor,106985.0,1,1,3,6,5,1.14,0,5,2.5,25000,2020,76.21006886,3.400950634,3,1,1
STUD_129,29,0,0,7,2,0,Bachelor,36990.0,2,4,5,3,1,2.88,0,5,2.5,25000,2017,94.02658337,3.886069867,1,0,1
STUD_479,22,1,0,4,0,2,Bachelor,28773.0,0,5,6,2,4,2.42,1,5,2.5,25000,2018,79.47586012,2.977424618,3,0,2
STUD_198,21,1,1,5,2,2,PhD,34596.0,0,5,1,1,2,2.01,0,5,2.5,25000,2020,95.33506137,2.525393771,1,1,2
STUD_368,25,0,2,1,0,2,High School,66958.0,1,3,5,2,4,2.66,0,5,2.5,25000,2021,76.81612792,3.736012098,1,1,1
STUD_353,19,0,1,0,2,1,PhD,23295.0,2,3,6,7,1,3.57,0,5,2.5,25000,2019,74.55130139,3.103410858,1,0,2
STUD_383,23,0,2,7,0,2,Bachelor,88081.0,1,6,0,3,1,3.01,1,5,2.5,25000,2020,63.62719377,2.22324303,1,1,1
STUD_395,27,0,0,4,1,2,Bachelor,36192.0,1,4,7,8,8,1.02,0,5,2.5,25000,2019,62.42640087,2.69829988,3,1,0
STUD_45,28,1,0,2,2,2,Master,101540.0,0,3,4,1,6,2.41,0,5,2.5,25000,2020,79.13323876,2.831435608,2,1,0
STUD_206,26,1,3,5,1,0,Bachelor,23287.0,2,1,3,2,4,0.77,1,5,2.5,25000,2020,62.25545393,2.75634453,3,0,1
STUD_88,26,0,1,3,2,0,Bachelor,70732.0,2,4,8,7,6,3.49,0,5,2.5,25000,2020,98.03038766,2.495372588,1,1,0
STUD_483,18,1,2,1,0,1,PhD,84176.0,1,8,2,6,0,1.09,0,5,2.5,25000,2017,78.59049925,2.499255596,1,1,1
STUD_347,18,0,1,3,0,1,PhD,112956.0,1,2,6,7,2,0.0,1,5,2.5,25000,2021,90.48011189,2.945731542,0,0,1
STUD_325,24,1,1,5,1,0,Bachelor,46010.0,1,6,7,6,7,2.57,1,5,2.5,25000,2020,89.78430772,3.258639463,0,1,0
STUD_289,27,0,0,2,0,0,Bachelor,80141.0,0,6,3,8,1,0.6,1,5,2.5,25000,2019,64.33539502,2.257211979,1,1,0
STUD_412,20,1,3,6,0,1,High School,45214.0,2,1,1,6,1,1.09,0,5,2.5,25000,2017,86.91519071,2.35597625,3,1,0
STUD_446,26,0,2,4,2,2,PhD,102975.0,2,8,3,5,5,1.0,1,5,2.5,25000,2017,73.51914381,3.814207592,0,1,0
STUD_406,26,1,1,5,1,0,Master,106294.0,1,8,6,8,0,0.01,0,5,2.5,25000,2018,75.09510481,3.584967613,3,1,1
STUD_372,26,0,1,2,1,0,High School,118815.0,1,8,4,0,1,2.26,1,5,2.5,25000,2019,92.10708671,2.381585457,0,1,1
STUD_196,27,1,2,6,2,2,Master,34920.0,2,1,4,1,5,2.05,1,5,2.5,25000,2019,87.79360236,2.348453382,1,1,1
STUD_271,25,0,3,7,2,1,High School,44439.0,0,2,4,3,4,3.63,0,5,2.5,25000,2019,62.22711895,2.056600971,2,1,1
STUD_87,27,1,1,5,0,0,Master,36395.0,1,1,1,5,2,3.57,0,5,2.5,25000,2021,95.80636965,2.854668997,2,0,1
STUD_244,22,0,3,4,0,2,PhD,40872.0,1,2,7,6,3,1.75,0,5,2.5,25000,2018,78.76807045,2.791580867,2,1,0
STUD_427,19,1,3,4,2,2,Bachelor,88330.0,1,6,6,6,8,1.75,1,5,2.5,25000,2019,87.34258094,3.712606804,0,0,0
STUD_221,43,0,1,1,1,2,Master,50607.0,0,2,1,3,1,2.14,1,5,2.5,25000,2019,69.95452486,3.566986833,0,0,1
STUD_170,27,1,3,3,2,1,Bachelor,97341.0,0,8,0,6,8,1.15,0,5,2.5,25000,2018,99.73683827,3.704067907,1,1,1
STUD_296,27,0,2,2,0,0,High School,85198.0,1,5,1,8,7,0.24,1,5,2.5,25000,2018,99.47778512,2.367372568,1,0,2
STUD_388,19,0,2,1,1,1,PhD,100400.0,1,4,2,3,8,1.63,0,5,2.5,25000,2020,93.49016456,2.24324347,3,1,2
STUD_140,28,1,2,7,1,2,Bachelor,79218.0,2,1,7,7,8,2.02,1,5,2.5,25000,2021,79.4532965,2.558499312,1,0,1
STUD_403,26,0,1,5,2,2,Bachelor,77780.0,0,2,3,7,7,2.83,1,5,2.5,25000,2021,94.14209505,3.741191169,0,1,0
STUD_366,24,0,0,1,0,2,PhD,63503.0,2,0,4,3,1,5.034897195,0,5,2.5,25000,2019,72.43883857,3.342443273,2,1,0
STUD_109,18,1,2,1,0,1,Master,61431.0,2,3,7,7,3,2.19,1,5,2.5,25000,2021,62.96944936,3.868484185,2,0,2
STUD_287,26,0,3,3,2,1,PhD,57852.0,2,5,7,2,6,3.83,0,5,2.5,25000,2021,87.95029949,3.899269966,3,0,0
STUD_441,18,1,2,7,1,0,Bachelor,39116.0,2,8,8,3,6,3.16,0,5,2.5,25000,2018,74.3428625,2.244062054,2,1,2
STUD_136,48,1,3,0,0,2,Master,61026.0,0,4,0,7,0,2.39,0,5,2.5,25000,2020,86.59499453,2.387849808,1,0,0
STUD_409,21,0,0,4,1,0,PhD,77057.0,2,8,2,5,7,3.77,1,5,2.5,25000,2018,63.33322524,2.896234833,3,0,1
STUD_363,18,0,3,1,0,1,PhD,115599.0,2,1,8,6,4,0.77,0,5,2.5,25000,2017,93.02114408,3.335612297,2,0,1
STUD_15,30,0,2,4,1,1,Bachelor,57921.0,0,6,7,1,8,0.65,1,5,2.5,25000,2021,90.82272255,5.998934033,3,0,1
STUD_433,26,1,3,7,0,1,Bachelor,112998.0,0,5,4,0,0,1.99,1,5,2.5,25000,2019,89.37545236,3.409846369,3,1,1
STUD_382,21,1,0,7,2,0,High School,22581.0,0,7,5,2,8,1.55,1,5,2.5,25000,2020,72.32976918,2.337650068,2,1,0
STUD_320,27,1,0,3,0,1,Bachelor,95031.0,2,3,8,0,7,3.63,1,5,2.5,25000,2019,84.93387119,2.199446355,3,1,2
STUD_208,28,1,0,3,1,2,PhD,97044.0,1,0,2,2,7,5.423419146,1,5,2.5,25000,2019,93.51342702,3.209166463,3,0,1
STUD_243,24,0,3,6,2,2,Bachelor,104908.0,2,1,4,1,0,3.96,1,5,2.5,25000,2019,89.22963708,3.019839778,3,0,2
STUD_407,24,1,2,4,0,1,High School,114503.0,0,2,8,4,1,0.44,1,5,2.5,25000,2018,69.78145119,3.360118457,1,0,1
STUD_410,30,0,1,4,1,0,Master,100217.0,0,7,1,7,6,0.55,1,5,2.5,25000,2019,82.06213171,2.448584091,0,1,2
STUD_459,27,0,1,1,0,0,Master,40015.0,1,3,3,8,2,3.27,0,5,2.5,25000,2017,86.26973628,2.055178841,1,1,1
STUD_133,25,1,0,2,0,2,Bachelor,72067.0,1,7,4,7,4,1.0,1,5,2.5,25000,2020,95.95964254,2.063316562,0,0,1
STUD_384,18,0,3,2,2,0,Bachelor,104561.0,0,2,4,4,3,2.16,1,5,2.5,25000,2019,71.71059781,3.855725118,2,0,2
STUD_228,30,1,2,3,1,1,Bachelor,54550.0,2,1,8,7,3,3.82,0,5,2.5,25000,2017,83.68625325,3.332715109,3,0,0
STUD_236,23,1,1,2,2,1,PhD,61697.0,0,1,7,7,0,5.65258274,1,5,2.5,25000,2020,99.98720685,3.345263954,2,1,0
STUD_53,24,0,1,6,2,1,High School,77593.0,0,6,0,4,1,3.7,0,5,2.5,25000,2019,80.61934415,3.475005628,0,0,0
STUD_499,20,1,0,4,2,1,Bachelor,107704.0,1,0,7,7,8,5.451727408,1,5,2.5,25000,2020,70.83353368,3.37302012,2,1,1
STUD_460,27,1,2,1,0,1,High School,86606.0,1,5,1,7,2,0.66,0,5,2.5,25000,2018,73.69057713,2.096670229,3,0,1
STUD_338,23,1,0,3,0,1,Master,118048.0,2,7,4,3,1,0.43,1,5,2.5,25000,2019,83.86348878,2.905727358,3,1,1
STUD_324,25,0,1,6,2,1,Bachelor,115662.0,1,7,4,6,2,0.69,1,5,2.5,25000,2019,70.30751369,2.936545912,0,1,2
STUD_422,20,1,1,3,2,1,Master,46269.0,0,8,4,1,0,2.43,0,5,2.5,25000,2021,82.56435589,3.828962331,2,0,1
STUD_144,26,1,3,5,1,2,Master,115986.0,0,1,7,2,3,2.19,0,5,2.5,25000,2019,83.34275718,3.451978201,2,1,0
STUD_43,19,0,1,4,0,2,Bachelor,77635.0,0,1,1,1,6,5.111311858,0,5,2.5,25000,2020,63.76567165,2.115312098,0,0,2
STUD_292,22,1,3,4,1,2,High School,75721.0,2,7,5,7,5,0.7,0,5,2.5,25000,2017,80.59967186,2.127110274,2,0,2
STUD_173,46,0,2,4,0,2,Master,49650.0,1,5,1,2,7,0.5,0,5,2.5,25000,2019,84.53834217,2.041749723,3,1,1
STUD_52,28,0,1,3,0,0,Bachelor,74208.0,2,3,2,6,5,3.12,0,5,2.5,25000,2019,82.98384466,3.795184959,2,1,0
STUD_435,30,1,2,5,0,1,Master,55743.0,2,6,3,6,4,0.27,1,5,2.5,25000,2020,93.4789477,2.98791267,2,1,0
STUD_165,26,1,0,0,2,2,PhD,100999.0,0,6,3,5,4,0.1,0,5,2.5,25000,2020,66.17369401,2.948634914,1,0,1
STUD_190,23,1,2,2,2,2,PhD,113307.0,0,6,5,0,2,2.47,0,5,2.5,25000,2021,92.58877228,2.053940189,1,0,0
STUD_318,29,1,0,0,0,0,PhD,25304.0,1,1,2,2,2,2.78,1,5,2.5,25000,2021,84.67368896,3.549584946,0,0,2
STUD_495,25,1,3,7,0,2,Master,55260.0,0,3,5,3,3,0.61,0,5,2.5,25000,2018,85.76995066,3.917008207,0,1,0
STUD_107,27,1,1,1,2,1,PhD,98331.0,2,3,6,4,2,1.29,1,5,2.5,25000,2017,73.91658655,2.495884947,0,1,2
STUD_342,18,0,3,7,2,2,Bachelor,96750.0,2,3,1,6,0,2.85,1,5,2.5,25000,2019,73.76892992,2.826398356,3,0,2
STUD_349,30,1,3,3,0,2,PhD,114314.0,2,5,0,4,6,0.37,0,5,2.5,25000,2019,78.22205705,2.660507228,1,1,2
STUD_3,29,1,3,3,0,2,PhD,10360.5,0,7,3,2,3,2.29,1,5,2.5,25000,2021,72.89328649,1.000244742,1,0,0
STUD_448,22,0,0,3,2,2,High School,31342.0,1,1,3,5,3,2.59,1,5,2.5,25000,2019,60.76167895,2.116913829,3,1,2
STUD_51,23,1,3,2,0,1,High School,28275.0,1,2,5,6,0,3.38,1,5,2.5,25000,2020,61.49088258,2.547873044,1,1,1
STUD_49,18,1,1,1,1,0,Bachelor,99315.0,0,6,4,8,7,3.42,0,5,2.5,25000,2019,70.28951392,3.938515803,2,1,1
STUD_55,25,1,1,3,0,1,Bachelor,53106.0,0,3,8,4,2,0.05,1,5,2.5,25000,2021,72.35575076,3.031148155,3,1,1
STUD_135,20,0,1,3,1,0,PhD,23953.0,2,6,1,4,4,1.67,1,5,2.5,25000,2017,91.75381698,3.33651464,2,1,2
STUD_313,22,0,3,7,0,0,Bachelor,70468.0,0,5,8,3,4,3.55,0,5,2.5,25000,2021,82.49368363,3.745885241,1,0,0
STUD_217,30,1,3,0,2,2,Bachelor,60945.0,0,4,6,7,5,1.54,1,5,2.5,25000,2017,60.52983509,2.025240399,3,1,1
STUD_468,20,0,3,1,1,1,Master,73091.0,1,1,0,6,2,0.19,1,5,2.5,25000,2021,68.60386892,3.902676265,1,1,0
STUD_69,29,1,2,0,2,2,Bachelor,58492.0,1,6,6,7,6,0.64,0,5,2.5,25000,2020,98.33110852,3.486992617,2,1,1
STUD_131,21,0,3,2,1,0,Master,93556.0,1,7,2,1,5,2.61,0,5,2.5,25000,2020,95.81409567,3.63494341,3,0,0
STUD_295,27,1,1,1,2,1,Master,92554.0,1,3,2,1,6,1.06,1,5,2.5,25000,2021,79.24079973,2.640635206,1,1,1
STUD_253,21,0,0,4,1,0,Bachelor,29288.0,2,8,2,8,3,0.7,1,5,2.5,25000,2017,92.07318964,2.256402827,3,1,0
STUD_455,24,0,3,6,1,0,Bachelor,90041.0,2,8,5,7,6,0.3,0,5,2.5,25000,2021,68.33397542,2.01979905,3,1,2
STUD_158,19,0,1,6,0,2,PhD,98993.0,2,1,3,5,1,2.14,0,5,2.5,25000,2019,61.2314025,3.579958466,1,0,0
STUD_291,26,0,3,5,0,0,Bachelor,48983.0,2,6,6,6,1,3.29,0,5,2.5,25000,2018,86.09384369,3.878703429,1,0,0
STUD_472,25,1,2,0,0,0,PhD,89348.0,0,1,3,0,1,2.33,1,5,2.5,25000,2018,87.01716776,3.472334607,2,0,1
STUD_386,25,1,0,7,2,2,High School,21167.0,1,1,5,0,2,2.2,0,5,2.5,25000,2018,91.05991918,2.877580929,2,0,0
STUD_58,19,0,0,6,2,0,Bachelor,58019.0,1,6,2,4,6,0.82,1,5,2.5,25000,2019,75.27647312,3.125911358,3,1,1
STUD_60,20,1,3,1,2,2,High School,117554.0,0,4,4,1,3,2.02,1,5,2.5,25000,2017,63.45990695,3.621943947,1,1,0
STUD_473,24,0,0,6,1,1,Bachelor,63393.0,1,1,4,4,2,0.61,0,5,2.5,25000,2017,65.44515158,2.738837448,3,1,0
STUD_99,25,1,3,3,2,0,Master,101476.0,0,2,1,4,4,1.12,0,5,2.5,25000,2019,68.63184293,3.433295612,1,1,2
STUD_420,44,1,3,4,0,0,High School,45905.0,2,5,1,5,4,1.52,0,5,2.5,25000,2017,80.04435949,3.901904156,3,0,2
STUD_416,23,1,1,1,0,2,Bachelor,61205.0,1,6,8,5,6,2.01,0,5,2.5,25000,2018,98.76086646,2.845274865,0,0,2
STUD_276,27,0,1,5,2,2,Master,54120.0,1,0,1,8,8,4.719212907,1,5,2.5,25000,2017,73.80783949,2.408454287,0,1,1
STUD_486,21,0,2,3,1,2,High School,84248.0,0,3,4,7,7,1.55,1,5,2.5,25000,2021,84.39410351,2.487787865,2,0,2
STUD_450,21,0,3,4,0,2,High School,69977.0,2,2,8,3,7,3.64,0,5,2.5,25000,2021,66.30590456,2.648699978,0,0,2
STUD_8,19,0,1,5,2,0,Bachelor,10360.5,1,2,4,4,6,0.3,0,5,2.5,25000,2017,97.60037272,1.000244742,3,1,0
STUD_199,18,1,0,7,0,2,PhD,78848.0,2,4,4,8,0,0.55,0,5,2.5,25000,2019,74.0820918,2.730819814,0,1,1
STUD_497,21,0,3,2,1,2,Bachelor,26517.0,1,6,8,1,2,2.63,0,5,2.5,25000,2018,80.09200075,2.812805437,3,1,1
STUD_12,18,1,3,7,0,1,PhD,10360.5,0,3,1,8,7,0.3,0,5,2.5,25000,2021,81.1271263,1.000244742,0,0,1
STUD_265,18,1,0,2,2,1,PhD,96701.0,2,8,3,6,0,1.61,1,5,2.5,25000,2019,69.93609833,3.284102381,0,0,0
STUD_354,26,0,3,0,0,0,Bachelor,99622.0,0,8,7,2,7,3.89,0,5,2.5,25000,2018,75.09247298,3.630065124,3,1,1
STUD_92,18,1,2,3,1,2,High School,54911.0,1,5,8,8,8,1.6,0,5,2.5,25000,2018,68.51811853,2.679490531,3,0,2
STUD_229,28,1,3,6,2,0,Bachelor,75387.0,2,1,6,6,1,1.19,0,5,2.5,25000,2021,64.10363295,2.066555747,0,1,1
STUD_279,19,0,2,7,0,1,PhD,35558.0,1,4,1,3,1,0.83,1,5,2.5,25000,2018,86.91680774,3.080676596,0,1,2
STUD_10,19,1,3,7,0,0,High School,10360.5,2,7,4,6,5,3.26,0,5,2.5,25000,2018,99.29506754,1.000244742,1,1,2
STUD_439,24,1,1,6,0,2,Bachelor,57875.0,1,2,8,5,3,0.62,1,5,2.5,25000,2020,72.94353501,3.942166779,0,1,0
STUD_290,30,1,3,1,0,0,High School,54235.0,1,2,7,0,3,2.24,1,5,2.5,25000,2017,69.85003787,3.070667694,0,1,1
STUD_167,21,0,0,4,0,2,Bachelor,115205.0,1,6,2,4,3,2.07,0,5,2.5,25000,2020,71.73469093,2.516742349,2,1,0
STUD_141,25,1,2,2,0,0,Bachelor,104316.0,0,5,8,5,8,2.14,1,5,2.5,25000,2020,90.56686165,2.332565358,3,0,2
STUD_429,27,0,0,1,1,2,Master,97570.0,0,2,8,1,5,0.45,1,5,2.5,25000,2020,91.41086533,2.348400147,0,0,0
STUD_124,29,0,3,5,2,2,Bachelor,117861.0,0,7,2,4,6,2.65,1,5,2.5,25000,2020,94.46842506,3.562009863,3,0,1
STUD_121,22,1,1,2,1,1,Bachelor,49092.0,1,3,6,2,2,1.5,0,5,2.5,25000,2021,89.70860284,2.260633384,3,0,0
STUD_305,29,1,3,1,2,0,Bachelor,68915.0,0,2,6,2,7,2.33,0,5,2.5,25000,2020,91.25088465,2.878204977,0,0,0
STUD_27,24,0,1,1,1,2,High School,31900.0,0,8,5,1,2,0.84,0,5,2.5,25000,2017,62.90642354,3.062508703,0,1,0
STUD_33,23,1,2,2,2,0,Bachelor,112168.0,1,5,3,0,1,2.15,0,5,2.5,25000,2018,77.36080309,3.743051174,3,0,1
STUD_270,29,0,2,4,0,2,Master,72870.0,1,7,3,8,5,0.26,1,5,2.5,25000,2020,74.23315178,3.415070769,2,1,0
STUD_413,24,1,3,6,2,0,Bachelor,31524.0,2,2,6,7,5,2.08,0,5,2.5,25000,2021,92.90305612,2.179930568,1,0,1
STUD_303,21,1,0,2,1,0,Bachelor,88249.0,0,8,4,1,5,0.5,1,5,2.5,25000,2020,70.79651998,2.098355901,3,1,1
STUD_434,24,0,0,3,2,0,Bachelor,89225.0,1,8,2,0,6,1.89,0,5,2.5,25000,2019,83.64825727,2.384906951,3,0,0
STUD_381,29,0,2,5,1,0,High School,52522.0,2,1,4,6,0,2.79,1,5,2.5,25000,2018,68.89540897,3.516473703,1,1,2
STUD_168,20,1,2,7,2,0,Master,31848.0,2,6,8,8,5,3.29,0,5,2.5,25000,2019,92.86442282,2.911457833,0,0,0
STUD_240,21,1,0,4,0,1,Master,55437.0,0,6,4,2,4,3.59,1,5,2.5,25000,2019,85.52128801,3.970456741,2,0,2
STUD_96,29,1,3,3,0,2,Bachelor,34092.0,2,2,2,2,3,0.08,0,5,2.5,25000,2019,94.10055076,2.533108555,2,1,0
STUD_104,27,1,2,2,1,0,Bachelor,93915.0,2,7,0,6,3,1.34,0,5,2.5,25000,2017,96.66903508,3.131347726,2,1,0
STUD_195,25,0,0,0,2,0,Bachelor,57869.0,2,7,0,1,3,2.92,0,5,2.5,25000,2021,75.44925217,2.313687258,3,0,2
STUD_260,19,0,1,7,0,2,Bachelor,25127.0,2,7,2,5,2,3.51,1,5,2.5,25000,2018,81.84067687,3.441494825,0,0,0
STUD_222,26,0,0,0,2,0,High School,43360.0,2,4,3,7,5,2.91,1,5,2.5,25000,2020,66.00687054,2.916951332,2,1,1
STUD_326,22,0,3,1,2,0,Bachelor,103976.0,0,8,7,2,0,3.4,1,5,2.5,25000,2018,81.4265636,2.274830121,0,0,2
STUD_118,25,1,0,1,2,0,Master,76272.0,1,4,6,5,6,3.63,1,5,2.5,25000,2017,80.49413831,2.954747587,2,0,2
STUD_262,28,0,0,1,2,0,Bachelor,53028.0,0,5,5,2,2,1.71,0,5,2.5,25000,2018,82.72199083,3.900722353,3,1,2
STUD_389,29,1,0,0,2,0,High School,64586.0,2,1,0,5,1,1.97,0,5,2.5,25000,2018,70.3902421,2.420246795,1,1,1
STUD_278,23,0,0,0,1,2,PhD,26425.0,2,6,5,0,5,3.78,0,5,2.5,25000,2018,92.39365727,2.470917352,1,1,1
STUD_352,19,1,2,5,0,1,High School,90408.0,1,5,4,8,1,1.27,0,5,2.5,25000,2018,64.30737202,2.652006924,2,0,1
STUD_302,29,1,0,6,0,2,High School,51889.0,1,6,3,4,8,2.86,0,5,2.5,25000,2021,74.00230587,3.240248565,0,1,2
STUD_269,19,0,1,5,2,1,High School,40967.0,0,2,3,2,7,1.62,0,5,2.5,25000,2019,74.37393528,2.905873634,2,1,2
STUD_91,27,0,0,3,2,2,High School,72365.0,0,7,3,5,4,3.27,0,5,2.5,25000,2020,87.60408722,2.846279896,3,0,1
STUD_111,25,0,3,7,1,2,Master,47811.0,0,5,3,0,4,3.12,1,5,2.5,25000,2020,86.83264742,3.193810172,0,0,1
STUD_98,18,1,1,5,2,2,Master,101539.0,2,5,4,6,4,1.82,1,5,2.5,25000,2017,62.33827622,3.272395703,3,0,0
STUD_209,19,1,1,6,2,1,High School,114700.0,2,5,1,8,0,3.2,1,5,2.5,25000,2019,79.40761306,3.799677762,2,1,0
STUD_105,22,0,0,0,1,1,Master,117163.0,1,1,2,4,8,3.97,1,5,2.5,25000,2020,88.25205548,2.000489485,0,0,1
STUD_293,25,0,1,7,2,1,High School,49694.0,0,1,2,7,1,5.335517776,1,5,2.5,25000,2021,93.40191495,2.520939601,1,0,2
STUD_314,28,0,1,1,2,2,PhD,110192.0,0,4,0,5,4,2.82,1,5,2.5,25000,2018,76.5608473,2.052484819,1,1,0
STUD_250,29,1,1,1,0,0,High School,60516.0,1,2,7,6,5,2.52,0,5,2.5,25000,2021,60.41359478,2.227905061,3,1,0
STUD_255,21,1,3,2,1,2,High School,71619.0,0,4,1,5,3,2.108350932568826,1,5,2.5,25000,2018,74.37553733,3.477634578,2,0,1
STUD_216,24,1,2,5,1,0,Bachelor,73825.0,2,1,0,0,3,3.76,0,5,2.5,25000,2021,92.87378184,2.539290384,3,0,0
STUD_331,28,1,1,4,1,0,Bachelor,77531.0,2,7,0,5,3,1.64,1,5,2.5,25000,2017,62.24728923,2.902749072,1,0,0
STUD_257,21,1,1,1,0,1,Bachelor,64917.0,2,1,0,7,5,1.01,0,5,2.5,25000,2021,70.60604167,3.711011817,0,1,1
STUD_361,25,0,0,5,2,1,Bachelor,110990.0,0,5,5,6,0,2.61,0,5,2.5,25000,2017,87.58170563,3.252154545,1,0,1
STUD_334,19,1,3,6,0,1,Bachelor,28682.0,0,1,0,2,2,0.21,1,5,2.5,25000,2018,63.14533783,2.115483266,1,0,0
STUD_67,20,0,3,0,2,1,High School,115978.0,1,8,6,0,0,3.35,1,5,2.5,25000,2019,95.83583881,3.085353208,1,1,2
STUD_160,27,0,3,0,0,2,Bachelor,64534.0,2,7,0,6,5,1.33,1,5,2.5,25000,2017,98.56479209,3.812281139,2,1,0
STUD_259,22,0,0,4,1,1,Bachelor,36588.0,1,1,3,6,5,4.771569975,1,5,2.5,25000,2021,87.27316625,3.695676043,2,0,0
STUD_72,20,1,1,0,2,2,Bachelor,88126.0,0,8,7,4,2,3.6,1,5,2.5,25000,2021,62.39736984,2.497682396,1,1,1
STUD_359,28,0,0,6,1,2,Bachelor,87221.0,2,3,0,0,3,1.18,1,5,2.5,25000,2020,73.82597753,3.860323388,3,0,0
STUD_81,30,0,1,3,2,1,PhD,67658.0,2,4,8,6,1,2.75,1,5,2.5,25000,2019,93.84293392,3.673640979,3,1,1
STUD_316,24,1,0,6,1,2,PhD,115011.0,2,8,2,3,4,3.06,1,5,2.5,25000,2019,97.42227061,3.463114555,2,0,0
STUD_186,22,1,2,2,1,1,Bachelor,28306.0,2,8,4,7,0,2.75,1,5,2.5,25000,2021,79.91020257,3.390885846,1,1,2
STUD_367,25,0,2,4,1,0,High School,106874.0,2,3,1,5,4,2.02,0,5,2.5,25000,2017,91.81961017,3.696154518,1,1,2
STUD_408,19,1,3,4,1,1,Master,61715.0,2,8,1,2,5,2.07,0,5,2.5,25000,2018,76.97118442,2.935619925,3,0,2
STUD_457,21,1,0,6,0,2,Bachelor,70645.0,0,3,0,4,8,2.7,1,5,2.5,25000,2018,69.56405547,2.962828405,2,0,1
STUD_183,46,1,0,2,0,1,Bachelor,33113.0,1,8,4,7,6,2.57,1,5,2.5,25000,2018,97.58822928,2.882740436,2,1,1
STUD_375,19,1,2,0,1,1,Bachelor,110865.0,2,1,3,1,3,3.24,1,5,2.5,25000,2019,97.37847222,2.736455639,3,0,1
STUD_484,20,0,0,7,1,1,Bachelor,90377.0,0,3,5,5,4,3.87,1,5,2.5,25000,2017,71.01060696,2.044358833,3,0,1
STUD_266,21,0,1,5,1,1,Master,41734.0,2,7,6,8,2,2.58,1,5,2.5,25000,2020,74.1368922,3.360530987,1,1,1
STUD_9,19,1,2,3,0,1,Bachelor,179712.0,2,8,7,2,5,3.05,0,5,2.5,25000,2017,90.98899929,5.998934033,0,0,1
STUD_127,23,1,2,7,0,1,High School,117251.0,1,2,2,1,1,1.94,1,5,2.5,25000,2021,94.29266942,2.628894436,0,1,1
STUD_489,26,1,0,6,1,0,High School,23688.0,1,6,5,3,3,3.85,0,5,2.5,25000,2021,80.7361243,3.479586713,2,0,1
STUD_212,25,0,1,1,1,1,Bachelor,109113.0,1,8,3,5,8,0.41,0,5,2.5,25000,2017,73.31929654,2.007939555,0,0,0
STUD_102,22,1,2,7,0,2,Bachelor,87864.0,2,2,2,4,5,3.28,0,5,2.5,25000,2020,81.13824386,2.980301725,1,1,0
STUD_31,22,1,2,5,1,1,High School,45902.0,1,4,1,1,0,3.37,1,5,2.5,25000,2017,71.39894406,3.869628501,3,0,2
STUD_488,29,0,0,7,0,1,PhD,47500.0,1,4,8,8,3,1.37,0,5,2.5,25000,2019,73.62793326,2.071757457,0,1,1
STUD_308,29,0,3,1,2,2,PhD,110574.0,1,3,7,2,1,3.56,0,5,2.5,25000,2018,75.07234153,2.833331878,2,1,1
STUD_242,19,0,1,0,1,0,Bachelor,115227.0,0,4,1,7,7,3.19,0,5,2.5,25000,2021,73.29714887,3.760370481,0,1,0
STUD_207,22,0,2,2,0,1,High School,38167.0,2,1,0,8,4,3.49,1,5,2.5,25000,2018,68.21628746,3.547588794,3,0,1
STUD_152,22,0,1,4,0,2,High School,112716.0,0,6,7,1,7,1.08,0,5,2.5,25000,2019,64.50235502,2.985803141,2,0,0
STUD_458,24,1,3,7,0,1,Bachelor,65735.0,1,4,1,7,5,1.94,1,5,2.5,25000,2019,60.82506977,3.728984401,2,1,1
STUD_179,29,0,3,6,1,0,Bachelor,42594.0,0,5,5,3,2,3.35,1,5,2.5,25000,2019,75.2181735,2.766963457,3,1,0
STUD_223,23,1,2,4,2,2,Master,48853.0,1,3,0,1,8,3.17,0,5,2.5,25000,2018,70.96656294,3.370669868,0,1,1
STUD_101,23,1,3,2,2,1,PhD,63049.0,2,7,5,1,8,1.35,1,5,2.5,25000,2017,84.47814378,3.736909283,3,1,2
STUD_322,27,1,3,7,1,0,Master,76359.0,0,6,1,5,2,0.55,1,5,2.5,25000,2018,84.21493944,3.818338546,0,0,2
STUD_252,29,1,1,0,1,2,PhD,70294.0,2,2,0,0,8,1.03,0,5,2.5,25000,2021,94.53238348,2.774207507,3,0,2
STUD_245,20,1,0,6,2,2,High School,104651.0,0,2,5,2,0,3.82,1,5,2.5,25000,2019,77.87185326,2.036254013,2,0,2
STUD_151,29,1,1,5,2,0,Master,59828.0,1,1,2,6,6,5.180011622,1,5,2.5,25000,2018,71.05990437,2.686904933,3,0,1
STUD_297,26,1,1,2,0,2,PhD,115389.0,0,6,8,5,3,0.77,0,5,2.5,25000,2017,67.31196223,2.09065608,2,1,0
STUD_233,30,1,3,7,0,0,Master,40616.0,0,3,1,2,5,3.58,1,5,2.5,25000,2020,77.10913506,2.837863884,3,1,2
STUD_37,29,0,3,7,0,1,Bachelor,116010.0,1,1,1,3,5,1.42,0,5,2.5,25000,2021,62.09919092,2.103163097,0,1,2
STUD_423,30,1,2,7,2,0,PhD,75494.0,2,8,0,1,0,1.19,1,5,2.5,25000,2019,78.88401004,3.759788417,1,1,2
STUD_46,19,1,2,0,0,0,Bachelor,82756.0,0,4,5,3,7,2.85,0,5,2.5,25000,2018,71.65802905,3.124556901,2,1,0
STUD_97,20,1,2,6,1,1,Bachelor,42215.0,0,6,4,1,3,0.21,1,5,2.5,25000,2020,99.08787127,3.50388554,1,0,1
STUD_100,28,1,2,7,0,1,Bachelor,51232.0,0,7,1,2,6,3.31,0,5,2.5,25000,2019,97.68649747,2.545224502,1,1,2
STUD_451,30,0,2,0,0,1,Master,41890.0,0,7,0,4,3,1.36,0,5,2.5,25000,2021,72.15756463,2.913561358,1,1,1
STUD_440,29,1,3,7,0,0,High School,63772.0,2,2,0,0,7,3.66,0,5,2.5,25000,2020,68.98169002,2.735588496,0,0,2
STUD_70,26,1,2,0,1,0,PhD,80648.0,2,7,7,8,2,2.14,0,5,2.5,25000,2020,60.75334173,3.603614971,1,0,2
STUD_365,18,1,3,6,1,2,Bachelor,119063.0,0,0,5,2,7,5.766594135,0,5,2.5,25000,2018,67.18735649,3.143302702,3,1,2
STUD_113,25,0,1,6,0,1,Bachelor,70681.0,0,7,8,6,2,2.95,0,5,2.5,25000,2017,73.4231283,2.511843528,2,1,0
STUD_44,23,1,3,5,2,0,Master,64686.0,0,8,5,8,4,1.95,0,5,2.5,25000,2021,84.06757124,2.105237032,0,0,0
STUD_300,21,1,3,5,2,0,High School,21788.0,0,2,6,7,2,1.11,1,5,2.5,25000,2021,70.03762925,2.507244713,1,0,1
STUD_238,18,1,2,0,1,1,Bachelor,65665.0,2,4,1,7,2,1.55,1,5,2.5,25000,2021,99.91266966,2.473398466,3,1,2
STUD_301,26,0,2,3,2,0,Bachelor,34166.0,1,0,4,6,8,5.275252401,0,5,2.5,25000,2018,98.39922525,2.729210042,3,0,1
STUD_380,28,0,2,7,1,1,Bachelor,72086.0,2,7,6,7,7,2.16,0,5,2.5,25000,2018,95.4634535,2.254884015,3,1,0
STUD_200,24,1,3,5,2,1,PhD,59252.0,1,8,5,8,4,3.25,0,5,2.5,25000,2020,93.60577385,2.080888026,2,1,1
STUD_436,29,1,1,4,0,2,Master,34561.0,0,0,6,7,3,5.796321517,0,5,2.5,25000,2018,92.89242749,2.580148488,3,0,0
STUD_249,28,0,3,7,1,2,PhD,36850.0,1,8,3,7,0,0.43,1,5,2.5,25000,2019,78.96540965,3.281838609,2,1,1
STUD_263,21,1,0,0,1,2,High School,67171.0,1,8,1,3,1,3.08,1,5,2.5,25000,2019,71.66039022,3.468034166,0,1,0
STUD_157,30,1,0,1,1,0,PhD,118741.0,1,1,2,0,4,5.03115097,0,5,2.5,25000,2019,85.73117885,3.815411567,3,0,2
STUD_103,23,1,2,4,0,1,Bachelor,105228.0,2,1,4,6,7,2.5,0,5,2.5,25000,2018,86.80701908,3.538012643,2,1,2
STUD_281,25,0,2,5,0,0,Master,75495.0,1,3,7,7,0,3.84,1,5,2.5,25000,2019,79.175297,2.238794753,3,0,1
STUD_251,24,1,2,6,0,1,Bachelor,63352.0,2,1,4,1,8,1.33,0,5,2.5,25000,2020,89.0791606,2.055640352,1,1,2
STUD_95,45,0,2,5,0,0,Master,28896.0,2,4,6,0,2,1.99,1,5,2.5,25000,2019,71.05712605,3.805970692,1,0,1
STUD_16,25,0,1,6,0,2,High School,58843.0,1,4,1,1,6,1.4,1,5,2.5,25000,2019,91.99168226,2.60238228,0,1,1
STUD_323,27,0,1,6,2,2,Bachelor,62967.0,1,7,2,0,4,1.88,1,5,2.5,25000,2021,86.93848309,3.543246679,2,1,2
STUD_116,24,0,2,2,2,2,PhD,101410.0,1,8,2,8,2,3.15,0,5,2.5,25000,2018,98.38848487,2.441958122,1,1,1
STUD_24,25,1,3,7,1,0,Master,99053.0,0,2,4,6,1,1.04,1,5,2.5,25000,2017,88.86119053,3.608208851,1,1,1
STUD_399,29,1,1,1,1,1,Master,42340.0,0,6,4,0,5,0.22,1,5,2.5,25000,2018,82.02421682,3.337404584,3,0,2
STUD_273,28,1,1,4,2,2,High School,66547.0,2,2,8,6,4,1.77,0,5,2.5,25000,2017,66.16790512,3.999289355,1,1,0
STUD_268,18,1,0,4,0,2,High School,37666.0,0,6,6,6,5,1.62,0,5,2.5,25000,2018,63.05766152,3.467676598,3,0,1
STUD_345,18,1,3,5,1,2,High School,102417.0,2,8,0,3,2,2.2,1,5,2.5,25000,2019,60.42032116,2.852312827,2,1,1
STUD_327,23,1,0,7,0,1,Bachelor,36779.0,1,8,2,3,0,1.74,0,5,2.5,25000,2019,73.09189986,3.42348792,3,1,1
STUD_172,20,0,1,3,1,2,Bachelor,119083.0,0,7,2,1,7,1.99,0,5,2.5,25000,2019,88.80370177,3.798792349,1,1,0
STUD_490,20,1,3,5,2,1,Bachelor,48893.0,1,4,4,3,1,0.71,0,5,2.5,25000,2020,70.46881209,3.569048627,2,0,0
STUD_114,26,0,0,4,2,2,Master,102656.0,2,8,7,0,6,1.62,1,5,2.5,25000,2020,67.15451763,2.973203233,1,0,2
STUD_387,28,0,1,0,0,0,PhD,44287.0,2,7,5,4,5,3.54,0,5,2.5,25000,2017,60.92177697,3.773559564,0,0,1
STUD_288,23,0,2,0,0,0,High School,82075.0,1,8,1,1,3,3.05,0,5,2.5,25000,2018,87.01637087,2.36081357,0,0,0
STUD_14,22,0,1,7,2,0,Bachelor,10360.5,0,4,3,5,0,2.29,0,5,2.5,25000,2019,93.59710828,1.000244742,1,0,1
STUD_54,20,0,2,0,2,1,Bachelor,45313.0,0,3,5,7,0,2.38,1,5,2.5,25000,2018,97.04430554,2.4849028,2,1,2
STUD_189,30,1,1,2,1,1,Master,115438.0,0,4,2,3,2,0.65,1,5,2.5,25000,2019,72.33282263,2.104155597,3,1,2
STUD_392,19,1,2,3,2,2,High School,85091.0,2,4,6,4,8,3.06,1,5,2.5,25000,2021,73.82616591,3.808029671,1,0,0
STUD_231,30,1,1,4,2,0,Master,94219.0,1,8,4,6,7,2.76,0,5,2.5,25000,2021,84.98142087,2.361742527,1,1,2
STUD_283,27,1,0,6,2,1,Bachelor,29816.0,2,2,6,3,8,0.01,1,5,2.5,25000,2017,67.49599999,2.637924927,2,0,1
STUD_123,26,1,1,5,0,1,Bachelor,43571.0,2,8,7,2,2,0.95,0,5,2.5,25000,2020,68.79518527,2.545117768,0,0,2
STUD_36,27,1,0,5,1,1,Bachelor,105248.0,0,2,8,2,0,0.54,1,5,2.5,25000,2019,66.44943508,3.616765814,1,1,1
STUD_108,28,0,2,1,1,2,Bachelor,83142.0,1,7,8,1,5,1.76,1,5,2.5,25000,2021,97.89449162,2.233234113,1,1,1
STUD_480,28,1,1,1,2,1,Bachelor,95918.0,2,3,8,0,4,1.67,0,5,2.5,25000,2021,91.97426441,3.687446356,1,0,2
STUD_340,27,1,1,5,2,1,High School,43123.0,2,1,4,2,7,2.79,1,5,2.5,25000,2018,86.85902052,2.201531977,3,0,0
STUD_20,30,0,1,5,1,2,High School,85634.0,1,8,7,3,0,3.48,0,5,2.5,25000,2020,84.63845172,2.376614022,2,1,0
STUD_355,25,1,2,7,1,1,High School,74467.0,2,6,0,8,3,0.13,0,5,2.5,25000,2021,98.28559372,2.913360481,1,1,2
STUD_66,18,0,1,0,0,0,High School,106081.0,2,1,2,2,5,5.802279567,0,5,2.5,25000,2020,99.58437242,2.113732326,0,0,1
STUD_138,30,1,1,3,1,0,Bachelor,89679.0,2,6,0,2,7,0.48,0,5,2.5,25000,2020,61.70393355,3.230530378,3,0,1
STUD_464,23,1,2,7,0,1,Bachelor,59701.0,0,5,2,1,4,2.18,1,5,2.5,25000,2018,69.20750629,2.598538619,2,1,0
STUD_78,30,1,2,0,2,1,Bachelor,62434.0,2,2,6,8,1,3.77,0,5,2.5,25000,2018,87.70090048,2.014814305,1,0,0
STUD_187,25,0,0,7,0,0,High School,40051.0,1,2,1,5,8,3.4,1,5,2.5,25000,2017,86.03386902,2.089647642,1,0,1
STUD_428,30,0,3,2,2,0,Bachelor,84467.0,1,3,4,8,1,1.12,1,5,2.5,25000,2020,80.25962905,3.375528259,0,0,0
STUD_89,27,1,2,6,2,0,Bachelor,68819.0,2,2,6,4,3,1.71,0,5,2.5,25000,2021,83.1924945,3.254748816,1,0,0
STUD_134,21,0,0,4,2,2,Bachelor,47648.0,1,5,2,7,4,0.32,1,5,2.5,25000,2021,82.09525592,3.52430113,0,1,2
STUD_6,18,1,3,0,0,0,Bachelor,10360.5,1,4,7,7,2,1.41,0,5,2.5,25000,2020,68.69164098,1.000244742,3,0,2
STUD_485,27,0,0,7,2,1,Bachelor,26756.0,0,2,3,2,6,2.39,0,5,2.5,25000,2018,69.10249455,3.841380641,0,1,0
STUD_418,45,0,2,7,2,0,Bachelor,63722.0,1,6,1,0,4,2.06,1,5,2.5,25000,2018,93.39702047,2.848821539,1,1,0
STUD_311,22,1,2,3,0,2,Bachelor,79744.0,1,5,8,1,0,2.88,1,5,2.5,25000,2017,94.96116163,3.205842052,3,1,2
STUD_443,22,0,0,4,1,2,Bachelor,51390.0,2,3,6,7,6,3.07,0,5,2.5,25000,2017,80.19817346,2.220832736,1,1,2
STUD_75,18,0,1,2,2,1,PhD,103523.0,2,6,7,7,5,0.62,1,5,2.5,25000,2019,84.13332835,3.788520015,2,0,2
STUD_362,19,1,0,5,2,1,Master,31464.0,1,2,6,8,7,2.108350932568826,1,5,2.5,25000,2019,94.97409224,3.595825847,2,1,0
STUD_351,28,0,2,4,2,2,Master,100963.0,0,8,5,7,7,1.7,1,5,2.5,25000,2019,80.6839152,3.522932339,0,1,1
STUD_211,30,0,0,6,0,2,Bachelor,72032.0,1,4,0,3,0,1.89,1,5,2.5,25000,2020,71.45382785,2.420370548,2,0,1
STUD_370,30,1,0,4,0,2,Master,40974.0,0,6,2,1,3,2.84,0,5,2.5,25000,2020,71.96387199,2.296490838,3,0,0
STUD_84,19,1,2,3,2,0,Master,106014.0,1,1,3,2,4,2.14,0,5,2.5,25000,2018,66.79384094,2.654143596,3,0,0
STUD_341,20,1,1,7,0,0,Bachelor,100561.0,0,3,2,0,4,3.65,0,5,2.5,25000,2019,81.93705102,3.487599429,2,0,2
STUD_119,21,0,2,7,0,1,High School,37236.0,1,1,1,1,2,1.36,1,5,2.5,25000,2018,63.64339604,3.1819569,3,1,2
STUD_7,23,1,3,0,1,1,Master,179712.0,1,7,4,7,5,2.57,1,5,2.5,25000,2017,65.73563181,5.998934033,3,1,1
STUD_487,29,1,2,1,2,1,Bachelor,84780.0,1,7,7,3,0,1.08,1,5,2.5,25000,2020,96.19879686,3.928510827,0,1,0
STUD_415,24,1,2,0,0,2,Bachelor,53343.0,0,5,6,7,8,3.25,1,5,2.5,25000,2021,61.69484187,2.790461789,1,1,1
STUD_139,29,1,1,6,2,0,High School,107988.0,2,8,8,0,4,0.61,1,5,2.5,25000,2019,84.92603179,2.135439695,0,1,2
STUD_237,22,1,1,3,0,2,PhD,20721.0,2,3,6,7,5,0.46,1,5,2.5,25000,2017,97.37407799,2.181463871,1,1,2
STUD_56,30,1,1,4,0,2,Master,86382.0,2,4,0,6,0,0.37,1,5,2.5,25000,2017,85.17062156,3.79247386,0,1,2
STUD_93,22,0,0,3,1,2,High School,62454.0,1,2,6,3,0,0.8,0,5,2.5,25000,2019,73.43517642,2.846373739,3,0,1
STUD_350,18,0,3,1,2,0,PhD,26685.0,2,6,7,5,4,2.67,0,5,2.5,25000,2019,62.61748214,3.441939306,3,1,1
STUD_203,26,0,0,7,2,1,PhD,23598.0,0,1,6,4,6,3.46,0,5,2.5,25000,2020,72.66690022,3.291676185,0,1,1
STUD_247,23,0,3,5,2,1,Bachelor,111765.0,0,4,3,5,7,0.17,0,5,2.5,25000,2018,77.45411204,3.389531792,2,1,2
STUD_442,24,1,3,7,1,1,PhD,35920.0,2,1,5,0,6,3.31,0,5,2.5,25000,2017,75.94083225,2.434060048,0,1,1
STUD_148,29,1,3,3,1,0,High School,46138.0,2,7,8,6,6,3.97,1,5,2.5,25000,2019,71.78949983,3.345124413,0,0,2
STUD_32,24,0,0,1,2,0,High School,45670.0,2,6,4,2,1,2.48,1,5,2.5,25000,2017,85.4239504,2.660407498,1,1,2
STUD_65,21,1,2,5,0,0,Master,31052.0,1,8,8,5,2,0.73,0,5,2.5,25000,2018,74.57712261,3.216776617,2,0,1
STUD_456,22,0,2,7,0,0,PhD,47572.0,2,3,4,4,4,2.72,0,5,2.5,25000,2020,88.68015223,2.859243458,2,0,1
STUD_315,29,0,1,3,1,0,Master,81513.0,0,4,3,0,6,1.47,1,5,2.5,25000,2020,78.10636107,2.624653073,2,1,0
STUD_83,21,0,1,5,1,2,High School,91187.0,1,3,6,2,4,1.09,0,5,2.5,25000,2017,79.61355259,3.846520163,1,0,2
STUD_378,28,0,0,0,1,2,High School,34420.0,2,4,4,4,2,3.06,1,5,2.5,25000,2017,80.12504777,2.469536428,0,1,1
STUD_477,23,0,0,3,1,0,Bachelor,22746.0,1,6,0,6,5,2.18,1,5,2.5,25000,2021,77.7487584,2.369299396,2,1,1
STUD_26,27,1,1,7,0,2,Master,64703.0,0,2,4,3,7,0.91,0,5,2.5,25000,2021,97.52194315,2.540784725,2,0,0
STUD_169,21,1,0,5,2,1,Bachelor,110360.0,1,3,5,7,5,0.4,0,5,2.5,25000,2020,84.85420424,3.249886365,1,1,0
STUD_219,22,1,0,3,2,0,Bachelor,79349.0,1,1,8,2,7,1.37,0,5,2.5,25000,2020,65.82037056,3.450990534,0,0,1
STUD_5,26,1,1,0,1,0,Master,179712.0,1,2,3,4,3,2.5,0,5,2.5,25000,2017,62.98660528,5.998934033,0,0,2
STUD_47,28,0,0,6,2,2,PhD,69521.0,0,7,3,4,5,2.14,1,5,2.5,25000,2017,98.65711558,2.154869752,2,0,1
STUD_267,20,0,1,2,2,1,Bachelor,91650.0,1,6,2,3,6,0.34,1,5,2.5,25000,2020,95.62131496,2.666590477,3,1,0
STUD_218,25,0,1,3,1,0,Bachelor,87109.0,1,6,3,3,7,0.91,1,5,2.5,25000,2021,88.9106193,2.415146469,1,0,2
STUD_453,28,1,3,4,0,0,PhD,42566.0,1,7,6,7,5,0.72,1,5,2.5,25000,2020,96.18295658,3.395689033,1,1,0
STUD_143,25,0,2,7,0,2,Bachelor,74723.0,2,8,2,8,6,0.5,0,5,2.5,25000,2017,79.11679463,2.124708466,1,1,0
STUD_227,21,1,1,0,0,1,Master,70085.0,0,5,7,7,1,1.96,1,5,2.5,25000,2020,61.49242694,3.479248054,3,0,2
STUD_48,30,1,2,5,2,2,Bachelor,93861.0,2,2,6,0,2,2.37,1,5,2.5,25000,2019,92.98222318,2.546707359,1,1,2
STUD_202,22,0,3,3,2,0,Bachelor,71353.0,2,5,1,2,7,1.37,0,5,2.5,25000,2021,87.92516851,2.457189723,3,0,1
STUD_94,23,0,3,3,1,0,Bachelor,47329.0,2,4,0,8,5,0.58,0,5,2.5,25000,2021,98.21082214,2.37881434,2,0,0
STUD_161,19,1,0,1,2,0,PhD,47888.0,0,5,4,2,4,2.54,1,5,2.5,25000,2020,86.72059292,3.977500045,1,0,2
STUD_343,22,0,0,4,1,2,PhD,52102.0,1,1,4,5,1,1.25,0,5,2.5,25000,2021,97.50693008,3.049432982,3,1,2
STUD_312,22,1,2,3,2,0,PhD,22550.0,0,2,0,2,8,0.08,1,5,2.5,25000,2020,79.23708064,3.673991163,0,0,2
STUD_61,19,0,2,2,2,1,Bachelor,99836.0,2,4,6,1,0,3.57,1,5,2.5,25000,2021,61.77211486,3.861479978,2,1,0
STUD_30,30,0,3,2,1,0,High School,97166.0,2,1,7,8,8,5.603448359,0,5,2.5,25000,2018,94.96024896,2.593132118,0,1,2
STUD_192,26,0,0,7,0,1,Bachelor,119411.0,2,4,4,4,7,2.14,1,5,2.5,25000,2020,89.26506109,3.215196101,2,1,2
STUD_142,19,0,1,5,2,0,Bachelor,25910.0,0,1,5,4,8,5.468586623,1,5,2.5,25000,2021,60.99630312,3.686338105,0,1,0
STUD_175,30,1,1,6,0,0,PhD,76526.0,1,7,4,3,8,2.53,1,5,2.5,25000,2017,72.31788001,2.567676271,3,0,2
STUD_13,25,1,2,5,0,2,Bachelor,179712.0,1,8,8,6,6,1.55,0,5,2.5,25000,2019,89.5805165,5.998934033,1,1,0
STUD_213,20,1,0,3,1,1,High School,102802.0,1,2,0,5,3,0.78,0,5,2.5,25000,2021,76.46416561,2.285472436,1,1,2
STUD_264,29,0,0,7,0,0,Bachelor,27219.0,2,8,1,5,1,0.87,1,5,2.5,25000,2017,92.71950657,3.598418042,2,1,0
STUD_82,25,0,0,7,2,0,High School,57459.0,1,4,7,1,6,1.65,0,5,2.5,25000,2021,75.47024659,2.430590632,3,0,2
STUD_126,30,0,0,3,0,1,PhD,42416.0,2,8,6,8,4,3.7,0,5,2.5,25000,2018,61.95253611,2.394466922,0,1,2
STUD_185,23,1,0,6,1,1,Bachelor,109376.0,2,1,4,8,7,5.437596177,0,5,2.5,25000,2020,85.15614549,2.515360119,1,0,1
STUD_77,27,1,1,2,2,0,Bachelor,49424.0,0,6,0,6,8,2.43,0,5,2.5,25000,2020,92.79307493,2.315221325,1,0,2
STUD_120,29,0,3,1,2,0,Bachelor,69938.0,1,3,0,6,7,2.27,0,5,2.5,25000,2017,67.28659775,3.696797097,1,1,1
STUD_224,27,0,3,4,2,2,Bachelor,61384.0,0,1,5,5,8,0.04,0,5,2.5,25000,2018,87.86279089,3.256775576,2,0,0
STUD_463,24,0,3,1,1,1,PhD,27706.0,2,1,8,1,4,1.91,0,5,2.5,25000,2019,68.24084997,2.807253613,3,0,2
STUD_226,26,0,1,2,0,0,Bachelor,119808.0,0,4,8,6,7,2.04,1,5,2.5,25000,2021,84.32634839,3.612796475,1,1,2
STUD_379,22,0,1,7,2,1,High School,95400.0,0,8,4,2,2,3.68,0,5,2.5,25000,2018,68.30431383,2.532783225,3,1,0
STUD_11,30,0,1,0,1,1,High School,179712.0,2,8,3,7,8,1.1,1,5,2.5,25000,2020,76.44801502,5.998934033,0,1,2
STUD_156,24,1,1,0,0,1,PhD,102241.0,1,1,1,3,2,0.93,1,5,2.5,25000,2019,70.12998173,3.208935917,2,0,0
STUD_122,23,0,2,5,2,1,PhD,78472.0,0,8,2,1,8,2.66,0,5,2.5,25000,2018,90.71436451,2.32009829,2,1,2
STUD_71,19,0,0,5,1,2,High School,118657.0,0,5,3,4,8,2.39,1,5,2.5,25000,2017,71.99692684,2.441553035,0,1,1
STUD_432,19,0,2,0,0,0,PhD,46623.0,2,8,1,6,7,2.14,1,5,2.5,25000,2017,71.98801215,3.619432786,2,1,1
STUD_414,28,1,1,3,1,0,Master,57209.0,2,8,8,1,1,1.08,0,5,2.5,25000,2018,65.36757675,3.673314262,1,0,1
STUD_310,21,1,3,0,1,2,Master,85499.0,1,6,1,4,5,0.76,1,5,2.5,25000,2019,91.2694037,3.985940836,0,0,2
STUD_117,20,0,2,2,0,0,PhD,31260.0,1,8,0,5,4,3.36,1,5,2.5,25000,2021,82.30245877,2.27210309,3,0,1
STUD_360,19,1,1,7,2,2,PhD,35181.0,1,7,7,6,8,0.8,1,5,2.5,25000,2018,68.72667981,2.070673782,2,0,2
STUD_225,29,1,0,1,2,1,Bachelor,21545.0,1,6,6,7,8,0.41,1,5,2.5,25000,2021,96.23503007,3.646622853,0,1,0
STUD_25,26,0,0,6,1,2,Bachelor,116214.0,0,3,2,0,0,3.12,1,5,2.5,25000,2018,77.11855586,3.148561237,0,1,1
STUD_147,18,1,0,1,1,0,Bachelor,117620.0,2,5,3,6,2,0.66,1,5,2.5,25000,2021,65.94011427,3.768544051,2,0,1
STUD_481,20,1,2,5,0,0,Master,21746.0,2,6,6,2,6,3.77,0,5,2.5,25000,2020,85.85440188,2.941995961,0,0,0
STUD_35,21,1,1,3,2,0,High School,114786.0,1,5,3,2,7,1.26,0,5,2.5,25000,2019,89.66119285,3.519883596,2,0,1
STUD_128,24,0,0,2,1,0,High School,72928.0,0,8,7,7,0,1.13,0,5,2.5,25000,2018,78.13898716,3.561157371,1,1,2
STUD_256,25,0,1,2,0,2,Master,110641.0,0,2,7,8,4,0.42,1,5,2.5,25000,2019,72.83425951,3.082519781,3,1,0
STUD_18,19,1,0,4,2,2,PhD,85758.0,1,5,2,0,1,0.26,0,5,2.5,25000,2018,83.38314804,3.638130862,3,0,1
STUD_282,22,1,1,2,0,1,Bachelor,116419.0,2,5,3,4,3,2.85,1,5,2.5,25000,2017,62.67832996,2.836453107,3,0,1
STUD_475,25,1,0,1,0,0,PhD,31927.0,2,4,6,8,3,1.04,1,5,2.5,25000,2021,90.85698005,2.555816532,2,0,0
STUD_197,25,1,3,5,0,0,High School,99102.0,0,1,0,3,1,2.14,1,5,2.5,25000,2021,96.40754171,3.454791986,1,0,1
STUD_280,26,1,3,1,0,2,Bachelor,26490.0,1,1,4,0,5,0.83,0,5,2.5,25000,2018,64.46683186,3.748839044,0,0,1
STUD_493,22,0,3,3,0,0,High School,58169.0,1,1,4,0,8,5.905523166,1,5,2.5,25000,2018,73.05207432,3.067351358,1,1,0
STUD_194,20,1,3,7,0,1,Bachelor,84539.0,0,7,5,4,1,3.0,0,5,2.5,25000,2019,83.22375101,2.631127509,1,0,0
STUD_373,25,0,2,4,2,1,High School,86319.0,1,5,2,1,0,2.59,0,5,2.5,25000,2018,72.033007,2.02180364,2,1,2
STUD_330,27,1,1,0,0,0,Bachelor,25528.0,0,5,3,2,5,0.13,0,5,2.5,25000,2021,75.59796801,3.739084496,2,0,0
STUD_57,48,0,2,0,2,1,PhD,23060.0,1,6,8,0,6,1.86,1,5,2.5,25000,2017,73.48813688,2.476796448,2,0,2
STUD_234,30,0,2,0,1,0,PhD,62919.0,1,7,5,2,0,0.34,1,5,2.5,25000,2020,81.70026043,3.48203067,2,1,0
STUD_411,20,0,2,1,2,2,Bachelor,33315.0,2,8,6,7,7,2.02,1,5,2.5,25000,2017,78.97965821,3.786366708,0,0,2
STUD_22,27,0,1,4,0,2,PhD,21548.0,0,7,3,3,8,0.64,0,5,2.5,25000,2019,76.72474401,2.900725924,3,0,0
